section,AUC (source),AUC (target),pAUC,pAUC (source),pAUC (target),precision (source),precision (target),recall (source),recall (target),F1 score (source),F1 score (target)
00,0.18280000000000002,0.8632,0.47368421052631576,0.47368421052631576,0.5894736842105264,0.5,0.5,1.0,1.0,0.6666666666666666,0.6666666666666666
arithmetic mean,0.18280000000000002,0.8632,0.47368421052631576,0.47368421052631576,0.5894736842105264,0.5,0.5,1.0,1.0,0.6666666666666666,0.6666666666666666
harmonic mean,0.18280000000000002,0.8632,0.47368421052631576,0.47368421052631576,0.5894736842105264,0.5,0.5,1.0,1.0,0.6666666666666666,0.6666666666666666

