section,AUC (source),AUC (target),pAUC,pAUC (source),pAUC (target),precision (source),precision (target),recall (source),recall (target),F1 score (source),F1 score (target)
00,0.37240000000000006,0.5062000000000001,0.48105263157894734,0.48,0.47578947368421054,0.5,0.5,1.0,1.0,0.6666666666666666,0.6666666666666666
arithmetic mean,0.37240000000000006,0.5062000000000001,0.48105263157894734,0.48,0.47578947368421054,0.5,0.5,1.0,1.0,0.6666666666666666,0.6666666666666666
harmonic mean,0.3724,0.5062000000000001,0.48105263157894734,0.48,0.47578947368421054,0.5,0.5,1.0,1.0,0.6666666666666666,0.6666666666666666

