section,AUC (source),AUC (target),pAUC,pAUC (source),pAUC (target),precision (source),precision (target),recall (source),recall (target),F1 score (source),F1 score (target)
00,0.4254,0.5536,0.5110526315789473,0.4926315789473684,0.47578947368421054,0.5,0.5,1.0,1.0,0.6666666666666666,0.6666666666666666
arithmetic mean,0.4254,0.5536,0.5110526315789473,0.4926315789473684,0.47578947368421054,0.5,0.5,1.0,1.0,0.6666666666666666,0.6666666666666666
harmonic mean,0.4254,0.5536,0.5110526315789473,0.4926315789473684,0.47578947368421054,0.5,0.5,1.0,1.0,0.6666666666666666,0.6666666666666666

