section,AUC (source),AUC (target),pAUC,pAUC (source),pAUC (target),precision (source),precision (target),recall (source),recall (target),F1 score (source),F1 score (target)
00,0.46519999999999995,0.45740000000000003,0.48157894736842105,0.47789473684210526,0.4842105263157895,0.5,0.5,1.0,1.0,0.6666666666666666,0.6666666666666666
arithmetic mean,0.46519999999999995,0.45740000000000003,0.48157894736842105,0.47789473684210526,0.4842105263157895,0.5,0.5,1.0,1.0,0.6666666666666666,0.6666666666666666
harmonic mean,0.46519999999999995,0.4574,0.48157894736842105,0.47789473684210526,0.48421052631578954,0.5,0.5,1.0,1.0,0.6666666666666666,0.6666666666666666

