section,AUC (source),AUC (target),pAUC,pAUC (source),pAUC (target),precision (source),precision (target),recall (source),recall (target),F1 score (source),F1 score (target)
00,0.282,0.7034,0.5031578947368421,0.511578947368421,0.4905263157894737,0.5,0.5,1.0,1.0,0.6666666666666666,0.6666666666666666
arithmetic mean,0.282,0.7034,0.5031578947368421,0.511578947368421,0.4905263157894737,0.5,0.5,1.0,1.0,0.6666666666666666,0.6666666666666666
harmonic mean,0.282,0.7034,0.5031578947368421,0.511578947368421,0.49052631578947364,0.5,0.5,1.0,1.0,0.6666666666666666,0.6666666666666666

