section,AUC (source),AUC (target),pAUC,pAUC (source),pAUC (target),precision (source),precision (target),recall (source),recall (target),F1 score (source),F1 score (target)
00,0.487,0.4804,0.5047368421052632,0.5073684210526316,0.4884210526315789,0.5,0.5,1.0,1.0,0.6666666666666666,0.6666666666666666
arithmetic mean,0.487,0.4804,0.5047368421052632,0.5073684210526316,0.4884210526315789,0.5,0.5,1.0,1.0,0.6666666666666666,0.6666666666666666
harmonic mean,0.48699999999999993,0.4804,0.5047368421052632,0.5073684210526316,0.4884210526315789,0.5,0.5,1.0,1.0,0.6666666666666666,0.6666666666666666

